{"file_path": "C:/dallal/MScTartu/Courses/spring21/Thesis/dataset/TUG bibliography archive/bib_tug_dataset_full.parquet", "year1": 1900, "year2": 2020, "bib_files": [], "types": [], "journals": [], "limit": 10, "model_name": "keyBert", "model_param": [], "counts": [10, 7], "scores": [0.0863101604278075, 0.09428571428571428, 0.07999999999999999, 0.22789377289377288], "scores_adjusted": [0.1553113553113553, 0.2976190476190476, 0.11428571428571428, 0.5297619047619048], "time": 5.989663362503052}
{"file_path": "C:/dallal/MScTartu/Courses/spring21/Thesis/dataset/TUG bibliography archive/bib_tug_dataset_full.parquet", "year1": 1900, "year2": 2020, "bib_files": [], "types": [], "journals": [], "limit": 10, "model_name": "keyBert", "model_param": [], "counts": [10, 7], "scores": [0.0863101604278075, 0.09428571428571428, 0.07999999999999999, 0.22789377289377288], "scores_adjusted": [0.1553113553113553, 0.2976190476190476, 0.11428571428571428, 0.5297619047619048], "time": 5.806265830993652}
